<?xml version="1.0" encoding="UTF-8"?>
<current><city id="0" name="Gerlikon"><coord lon="8.88" lat="47.53"/><country>CH</country><sun rise="2018-01-23T07:01:01" set="2018-01-23T16:12:13"/></city><temperature value="4.25" min="3" max="5" unit="metric"/><humidity value="100" unit="%"/><pressure value="1026" unit="hPa"/><wind><speed value="1" name="Calm"/><gusts/><direction value="0" code="N" name="North"/></wind><clouds value="40" name="Überwiegend bewölkt"/><visibility value="10000"/><precipitation mode="no"/><weather number="741" value="Nebel" icon="50n"/><lastupdate value="2018-01-23T06:50:00"/></current>