{
	"user": "alex",
    "categories": [
        {
            "id": 1,
            "title": "SSH-Server"
        },
        {
            "id": 2,
            "title": "PINs"
        },
        {
            "id": 3,
            "title": "Web-Logins"
        }
    ],
    "entries": [
        {
            "category": 1,
            "date": "2017-03-02",
            "description": "Daily used",
            "expires": "2017-12-31",
            "login": "root",
            "password": "my-super-secret",
            "tags": [
                "server",
                "ssh",
                "root"
            ],
            "title": "Server 1",
            "url": null
        },
        {
            "category": 3,
            "date": "2017-01-01",
            "description": "my personal blog",
            "expires": "2017-12-31",
            "login": "admin",
            "password": "abc123",
            "tags": [
                "web",
                "blog"
            ],
            "title": "Blog",
            "url": "http://www.my-blog.ch/"
        },
        {
            "category": 2,
            "date": "2017-01-01",
            "description": "PIN of my phone",
            "expires": null,
            "login": "079 222 33 44",
            "password": "1234",
            "tags": [
                "pin",
                "phone"
            ],
            "title": "Phone-PIN",
            "url": null
        }
    ]
}